Date,Actual_Price,Predicted_Price,Percentage_Error
2023-10-12,1539.61,1601.4636,4.017486444416125
2023-10-13,1552.16,1584.0724,2.0559985887609793
2023-10-14,1554.94,1575.6316,1.3307003355032956
2023-10-15,1557.77,1574.1135,1.0491616471382181
2023-10-16,1599.42,1576.7627,1.416595058677525
2023-10-17,1565.01,1593.503,1.8206306514215571
2023-10-18,1563.44,1599.3064,2.294069262931417
2023-10-19,1566.57,1599.0154,2.071109548847167
2023-10-20,1603.8900000000003,1597.3859,0.4055225571696205
2023-10-21,1628.94,1607.38,1.3235598068183945
2023-10-22,1663.7,1626.2399,2.251615786255788
2023-10-23,1765.4600000000003,1653.4928,6.342097931895243
2023-10-24,1784.98,1707.9656,4.314581890448353
2023-10-25,1787.15,1761.1588,1.4543371582372824
2023-10-26,1803.38,1797.4758,0.3273946656764026
2023-10-27,1779.4,1820.8761,2.3309035985620103
2023-10-28,1776.1999999999998,1823.422,2.6585968399005004
2023-10-29,1795.1400000000003,1816.0343,1.163937172466335
2023-10-30,1809.04,1813.0183,0.21991280164479704
2023-10-31,1814.67,1816.6659,0.10998658459595559
2023-11-01,1846.99,1823.334,1.2807874230504772
2023-11-02,1800.8,1839.7131,2.16088042901072
2023-11-03,1832.71,1839.1532,0.35156670952782837
2023-11-04,1855.54,1843.6165,0.6425916402704853
2023-11-05,1891.71,1855.7488,1.9009901466464223
2023-11-06,1900.95,1878.7073,1.170084673945924
2023-11-07,1885.27,1901.1814,0.8439850251887007
2023-11-08,1888.12,1911.0421,1.2140178726888444
2023-11-09,2121.32,1914.1364,9.766732386482833
2023-11-10,2077.72,1991.8376,4.133490244865757
2023-11-11,2053.17,2054.8384,0.08125868321911615
2023-11-12,2044.6799999999998,2083.961,1.921128856349168
2023-11-13,2053.65,2088.0974,1.6773750205426878
2023-11-14,1979.39,2084.209,5.2955195476889285
2023-11-15,2058.48,2052.7446,0.27862165742441114
2023-11-16,1961.7700000000002,2048.8127,4.436949496659893
2023-11-17,1960.82,2022.3987,3.140455607379824
2023-11-18,1962.6,1997.5555,1.781083358411678
2023-11-19,2011.47,1982.1392,1.4581793337086821
2023-11-20,2021.4,1991.9376,1.4575233961456213
2023-11-21,1933.0100000000002,2011.1652,4.043184522212108
2023-11-22,2063.21,1998.2694,3.1475511857887724
2023-11-23,2062.2,2022.99,1.901367945185958
2023-11-24,2080.84,2051.6685,1.401911870626773
2023-11-25,2083.09,2078.987,0.1969640991567885
2023-11-26,2062.33,2097.3293,1.69707785384129
2023-11-27,2027.5,2098.993,3.5261612785141803
2023-11-28,2048.14,2082.0725,1.6567475741709616
2023-11-29,2028.81,2070.974,2.078268595568341
2023-11-30,2051.96,2058.4983,0.3186363776888908
2023-12-01,2087.24,2057.6526,1.4175376147148764
2023-12-02,2164.74,2073.142,4.231358507545932
2023-12-03,2192.95,2115.9106,3.513046602464708
2023-12-04,2243.37,2163.6855,3.551997803527724
2023-12-05,2293.33,2214.7974,3.4243932063309654
2023-12-06,2232.7,2266.7517,1.5251358885822182
2023-12-07,2355.73,2279.1125,3.2523867833696993
2023-12-08,2358.72,2316.61,1.785285772712522
2023-12-09,2340.49,2349.0317,0.3649551282530675
2023-12-10,2352.39,2361.6594,0.3940428172252529
2023-12-11,2225.12,2366.9285,6.373070521898824
2023-12-12,2203.46,2322.2217,5.389781511236872
2023-12-13,2260.16,2269.064,0.39395285483108033
2023-12-14,2315.32,2250.4304,2.8026182159755524
2023-12-15,2220.5,2269.2212,2.194154082695339
2023-12-16,2228.96,2262.093,1.4864787873324314
2023-12-17,2196.52,2253.1914,2.5800541879882735
2023-12-18,2219.43,2235.5469,0.7261718098791206
2023-12-19,2177.91,2229.338,2.3613414064401264
2023-12-20,2202.17,2214.797,0.5733943855662791
2023-12-21,2239.61,2211.354,1.2616480589812569
2023-12-22,2324.54,2225.8994,4.243445410167172
2023-12-23,2308.2,2271.5857,1.5862709748126167
2023-12-24,2264.05,2306.5312,1.876338861774246
2023-12-25,2271.35,2310.5046,1.723848753907372
2023-12-26,2230.88,2304.8484,3.3156596801206204
2023-12-27,2378.35,2282.7327,4.020322239551576
2023-12-28,2344.15,2314.0632,1.2834830355619347
2023-12-29,2299.2,2339.6929,1.7611721944045835
2023-12-30,2291.68,2339.3696,2.080989881058881
2023-12-31,2281.87,2327.7754,2.011744342359561
2024-01-01,2352.04,2312.4126,1.6848098817941006
2024-01-02,2355.34,2325.5454,1.2649804208203548
2024-01-03,2209.72,2344.6663,6.106939330124415
2024-01-04,2267.11,2308.3438,1.818780297383006
2024-01-05,2268.78,2286.9192,0.7995129299943053
2024-01-06,2240.78,2277.478,1.6377345095792446
2024-01-07,2221.42,2265.921,2.0032636078499304
2024-01-08,2330.44,2251.4712,3.388579349554164
2024-01-09,2344.29,2279.4856,2.7643510101939164
2024-01-10,2584.38,2317.1323,10.34088159563416
2024-01-11,2618.01,2431.8818,7.109528384631847
2024-01-12,2522.54,2544.4805,0.8697768419925962
2024-01-13,2578.19,2581.127,0.11391530977158182
2024-01-14,2472.87,2599.022,5.101439730202158
2024-01-15,2511.78,2562.8794,2.0343897368101422
2024-01-16,2587.4,2535.0723,2.0224060591713724
2024-01-17,2530.19,2545.5916,0.6087113115764012
2024-01-18,2470.8099999999995,2543.8223,2.954993124724302
2024-01-19,2492.0,2518.2373,1.0528613438001604
2024-01-20,2472.0099999999998,2502.092,1.216906121562018
2024-01-21,2457.05,2487.5383,1.2408510237123713
2024-01-22,2314.2,2474.038,6.906839769142693
2024-01-23,2242.6,2415.3267,7.702071709455548
2024-01-24,2235.02,2338.4812,4.629095094087526
2024-01-25,2218.64,2279.8665,2.759639016610407
2024-01-26,2267.68,2242.25,1.121410428279115
2024-01-27,2267.94,2242.8948,1.1043160140645278
2024-01-28,2256.9,2257.5837,0.030295548512335905
2024-01-29,2317.6,2269.5022,2.0753280434231494
2024-01-30,2343.01,2298.365,1.905455365774163
2024-01-31,2283.14,2331.7905,2.130860452874118
2024-02-01,2304.28,2333.8325,1.2825055779353984
2024-02-02,2309.06,2331.8276,0.9860132139810163
2024-02-03,2296.49,2329.6538,1.4441085566995815
2024-02-04,2289.79,2323.0796,1.4538272000379964
2024-02-05,2301.83,2314.584,0.5540802046632494
2024-02-06,2372.64,2312.3235,2.5421687939120505
2024-02-07,2425.1,2337.7634,3.6013596249896875
2024-02-08,2419.55,2382.2822,1.5402770530677266
2024-02-09,2486.56,2415.89,2.8420833368941407
2024-02-10,2500.24,2458.224,1.6804738307622382
2024-02-11,2507.21,2492.633,0.5814009739660833
2024-02-12,2659.9900000000002,2514.1746,5.481804046373303
2024-02-13,2639.99,2578.8318,2.316607748159076
2024-02-14,2774.81,2625.8208,5.369347783046405
2024-02-15,2822.59,2700.2195,4.335398254019363
2024-02-16,2801.8,2772.9116,1.031064990586415
2024-02-17,2785.93,2809.525,0.8469309115358306
2024-02-18,2881.2,2813.8474,2.337657500021686
2024-02-19,2944.8,2840.7185,3.534416399776731
2024-02-20,3014.81,2887.351,4.227759818404807
2024-02-21,2967.9,2949.4824,0.620559254860342
2024-02-22,2971.4,2974.5503,0.10602049433768289
2024-02-23,2922.24,2979.7708,1.9687209795610634
2024-02-24,2992.62,2956.7039,1.2001571391665127
2024-02-25,3112.59,2960.1812,4.896528217858765
2024-02-26,3175.94,3016.5295,5.01931582411428
2024-02-27,3242.36,3093.428,4.593321577011039
2024-02-28,3383.1,3174.4707,6.166808456001889
2024-02-29,3340.09,3281.6887,1.7484941812009598
2024-03-01,3433.43,3335.5781,2.849974369653665
2024-03-02,3421.4,3388.7822,0.9533458069065321
2024-03-03,3487.8100000000004,3412.2473,2.16647941105953
2024-03-04,3627.76,3442.9016,5.09566202482731
2024-03-05,3553.65,3519.2178,0.9689256556638974
2024-03-06,3818.59,3545.7117,7.146049460091948
2024-03-07,3868.76,3658.4512,5.436078436630864
2024-03-08,3883.36,3768.8384,2.949034369560126
2024-03-09,3905.21,3838.231,1.7151201335843664
2024-03-10,3878.47,3873.55,0.12685288714041362
2024-03-11,4064.8,3869.2678,4.810376346545345
2024-03-12,3979.96,3934.4304,1.1439707956392786
2024-03-13,4004.79,3951.4958,1.3307601744567121
2024-03-14,3881.7,3959.589,2.0065721546777233
2024-03-15,3742.19,3906.597,4.393334486707649
2024-03-16,3523.09,3800.089,7.862391006988889
2024-03-17,3644.71,3632.576,0.3329228461420809
2024-03-18,3520.46,3570.0923,1.4098238626841368
2024-03-19,3158.64,3513.2354,11.226203415473119
2024-03-20,3516.53,3340.9756,4.992262658430334
2024-03-21,3492.85,3353.1755,3.9988680559034857
2024-03-22,3336.35,3405.6953,2.07847835209136
2024-03-23,3329.53,3391.66,1.8660264995171931
2024-03-24,3454.98,3363.7485,2.6405786674235454
2024-03-25,3590.42,3392.7324,5.505973622166768
2024-03-26,3587.33,3481.9734,2.9369088243380155
2024-03-27,3501.19,3551.9607,1.4500982054494314
2024-03-28,3560.4900000000002,3551.2954,0.258239451416806
2024-03-29,3509.74,3552.7136,1.2244104419949975
2024-03-30,3505.64,3529.2954,0.6747814994195105
2024-03-31,3645.29,3505.161,3.844114222136646
2024-04-01,3503.8,3547.2654,1.2405211729943153
2024-04-02,3278.96,3531.9355,7.715115368135017
2024-04-03,3310.83,3415.9546,3.1751732901946057
2024-04-04,3327.4,3330.8347,0.10322524484206615
2024-04-05,3317.85,3293.7305,0.7269626791446241
2024-04-06,3351.59,3283.8171,2.022110739324474
2024-04-07,3454.2,3302.4805,4.3923203998031335
2024-04-08,3694.61,3366.0657,8.892530637113934
2024-04-09,3506.39,3518.6702,0.3502224799758477
2024-04-10,3545.64,3557.1182,0.32372615557417356
2024-04-11,3502.5199999999995,3563.2095,1.7327373621349909
2024-04-12,3237.43,3534.7996,9.185358773683916
2024-04-13,3007.0100000000007,3397.3018,12.979396736708532
2024-04-14,3155.11,3192.9106,1.1980769143151861
2024-04-15,3101.99,3106.0688,0.13149132190143162
2024-04-16,3084.22,3067.0798,0.5557374641116652
2024-04-17,2985.41,3056.2039,2.3713278049539306
2024-04-18,3064.4,3023.705,1.3279898797480776
2024-04-19,3056.46,3030.598,0.8461455281395809
2024-04-20,3155.79,3044.6084,3.5230988615370467
2024-04-21,3147.6699999999996,3095.7852,1.6483571578341956
2024-04-22,3200.2,3135.4707,2.0226641108368173
2024-04-23,3219.46,3177.104,1.3156242380321557
2024-04-24,3140.8,3209.1917,2.177523254923103
2024-04-25,3155.8,3192.9253,1.176414632383225
2024-04-26,3131.3,3172.9385,1.3297504730463328
2024-04-27,3255.5599999999995,3147.775,3.310800527597387
2024-04-28,3263.45,3179.3127,2.578168988627827
2024-04-29,3216.73,3218.4612,0.053818058731226484
2024-04-30,3014.05,3226.8618,7.060659790190933
2024-05-01,2972.46,3142.6484,5.725508080848858
2024-05-02,2986.19,3047.5715,2.05551331975276
2024-05-03,3102.61,2989.4692,3.6466317622501743
2024-05-04,3117.23,3010.345,3.428846421241776
2024-05-05,3136.41,3055.5083,2.5794363370461726
2024-05-06,3062.6,3101.2476,1.2619198913913046
2024-05-07,3005.69,3101.4404,3.185638894480134
2024-05-08,2974.2100000000005,3065.5002,3.0693947011349065
2024-05-09,3036.23,3019.0525,0.5657512693578886
2024-05-10,2909.99,3010.1516,3.441991598875777
2024-05-11,2912.45,2967.1814,1.879221840181812
2024-05-12,2929.29,2932.5046,0.10974122302247426
2024-05-13,2950.99,2919.7805,1.0575936354198008
2024-05-14,2881.93,2927.6782,1.5874161640376472
2024-05-15,3032.55,2913.5305,3.9247327306021393
2024-05-16,2944.7,2956.6646,0.40630796961490756
2024-05-17,3092.01,2966.8545,4.047707084145919
2024-05-18,3122.94,3021.1611,3.2590721303483274
2024-05-19,3071.1900000000005,3079.265,0.26292390174897967
2024-05-20,3661.78,3095.6829,15.45961632517178
2024-05-21,3789.6,3329.5999,12.13848813817751
2024-05-22,3737.73,3591.196,3.9203996831800323
2024-05-23,3783.61,3731.8193,1.368816132278436
2024-05-24,3728.28,3792.6572,1.726727245874768
2024-05-25,3749.26,3772.5684,0.6216789279751145
2024-05-26,3826.47,3740.7046,2.2413715554087656
2024-05-27,3894.22,3747.2356,3.7744247704771383
2024-05-28,3844.6900000000005,3789.7004,1.430272936098242
2024-05-29,3767.43,3804.053,0.9720944653417626
2024-05-30,3747.91,3772.7793,0.6635510691291986
2024-05-31,3762.29,3734.1255,0.7486002333352815
2024-06-01,3815.82,3715.9954,2.6160730504026697
2024-06-02,3780.91,3735.4412,1.2025897969172727
2024-06-03,3767.06,3744.5593,0.5973006489974927
2024-06-04,3810.23,3743.2905,1.7568354838487443
2024-06-05,3865.99,3758.803,2.772563340421853
2024-06-06,3813.46,3796.6946,0.4396380169681873
2024-06-07,3678.32,3802.7288,3.382216875248071
2024-06-08,3681.57,3740.0144,1.587485890445512
2024-06-09,3706.4,3685.4683,0.5647457986523335
2024-06-10,3667.8500000000004,3665.1633,0.07324917654417065
2024-06-11,3497.3299999999995,3647.7185,4.300094811166677
2024-06-12,3560.12,3569.1406,0.25337980180443664
2024-06-13,3469.4,3533.3064,1.8420013974858738
2024-06-14,3481.8,3486.7302,0.14159987964199028
2024-06-15,3568.74,3463.5566,2.9473528297101996
2024-06-16,3624.41,3493.5117,3.6115748839121364
2024-06-17,3511.46,3551.4421,1.1386186563957716
2024-06-18,3483.42,3548.1038,1.856903840640087
2024-06-19,3560.51,3517.2915,1.2138288080569979
2024-06-20,3513.08,3521.0127,0.22580457355084632
2024-06-21,3518.5,3512.149,0.18050516466534033
2024-06-22,3495.7499999999995,3505.928,0.2911529290030882
2024-06-23,3420.91,3493.1355,2.1112948907417954
2024-06-24,3352.73,3452.8735,2.9869251373134724
2024-06-25,3394.91,3393.36,0.04565342168495938
2024-06-26,3371.44,3369.236,0.06537016870017127
2024-06-27,3450.44,3355.8335,2.7418678170392776
2024-06-28,3380.15,3384.7861,0.137157605801515
2024-06-29,3378.8,3386.8704,0.23885288647226285
2024-06-30,3438.16,3381.0276,1.6617147575847213
2024-07-01,3442.2,3398.823,1.2601534470142588
2024-07-02,3421.35,3417.5684,0.11053065675829452
2024-07-03,3295.48,3420.613,3.797111107012483
2024-07-04,3059.7,3366.244,10.018756625955982
2024-07-05,2981.78,3222.8438,8.084558552274137
2024-07-06,3066.8299999999995,3079.8262,0.42376564318858656
2024-07-07,2931.0,3024.0554,3.1748693252089732
2024-07-08,3019.01,2965.358,1.777141839336412
2024-07-09,3066.65,2966.3027,3.272211228050155
2024-07-10,3101.05,3005.7893,3.071885115021531
2024-07-11,3099.57,3058.2253,1.3338836742878901
2024-07-12,3133.88,3095.192,1.23451138744145
2024-07-13,3175.93,3126.4412,1.558247124169136
2024-07-14,3245.08,3158.933,2.6546924738758344
2024-07-15,3483.39,3204.9895,7.992228778485179
2024-07-16,3444.13,3331.8506,3.2600225329038133
2024-07-17,3387.05,3415.0132,0.8255911071212358
2024-07-18,3426.5,3427.3267,0.024125497045089744
2024-07-19,3503.53,3426.6802,2.1934969650252802
2024-07-20,3517.5,3450.305,1.910307558191187
2024-07-21,3535.92,3475.3347,1.7134234712076368
2024-07-22,3439.6,3497.8594,1.6937834341202491
2024-07-23,3482.51,3470.2058,0.35331382977005715
2024-07-24,3335.81,3456.8613,3.628843612945583
2024-07-25,3175.48,3392.2258,6.825608414416876
2024-07-26,3274.61,3275.9285,0.04026332286516173
2024-07-27,3249.0099999999998,3230.825,0.559710460359456
2024-07-28,3270.16,3214.8533,1.6912545109604684
2024-07-29,3317.66,3226.0415,2.761539642210168
2024-07-30,3279.21,3262.6426,0.5052260109904531
2024-07-31,3232.74,3278.6987,1.421664917956601
2024-08-01,3203.4,3264.6409,1.9117459305932731
2024-08-02,2989.61,3235.0425,8.209514969134766
2024-08-03,2903.6400000000003,3127.502,7.709700690340387
2024-08-04,2688.92,3006.0806,11.79509120413586
2024-08-05,2419.59,2845.2188,17.590945160130428
2024-08-06,2461.3299999999995,2636.0955,7.100448090437917
2024-08-07,2342.8,2504.974,6.922234979244912
2024-08-08,2682.5,2404.2056,10.37444300442684
2024-08-09,2598.7800000000007,2474.1924,4.794080960585376
2024-08-10,2609.9199999999996,2549.0596,2.3318887049219756
2024-08-11,2555.38,2607.6482,2.045417642752737
2024-08-12,2722.3,2620.0896,3.7545604962945
2024-08-13,2702.44,2673.6145,1.066647105833064
2024-08-14,2661.45,2710.8406,1.855776970143162
2024-08-15,2569.89,2712.8179,5.5616338089859925
2024-08-16,2592.73,2667.0464,2.8663372861327625
2024-08-17,2614.51,2629.3027,0.5657937577213237
2024-08-18,2612.15,2613.8042,0.0633271143980977
2024-08-19,2636.36,2609.8806,1.004391841995218
2024-08-20,2572.82,2620.4875,1.852735474231576
2024-08-21,2630.71,2608.9717,0.8263290257192938
2024-08-22,2622.88,2616.3406,0.24932226514842878
2024-08-23,2762.48,2623.8633,5.017836101980829
2024-08-24,2768.0,2680.8591,3.14815278687229
2024-08-25,2746.13,2734.9536,0.40698680392953385
2024-08-26,2680.49,2760.5203,2.985657983125295
2024-08-27,2457.33,2742.3647,11.599367854286974
2024-08-28,2528.33,2633.94,4.177063176335767
2024-08-29,2527.6099999999997,2561.8677,1.3553386709678443
2024-08-30,2526.0,2525.135,0.03424347721199525
2024-08-31,2513.01,2513.7551,0.02965077548934472
2024-09-01,2425.72,2511.8323,3.5499676545778245
2024-09-02,2538.01,2483.7805,2.1366930162558546
2024-09-03,2425.2900000000004,2498.8496,3.033023241550477
2024-09-04,2450.71,2481.8198,1.269420870635447
2024-09-05,2368.81,2470.8152,4.306178441786174
2024-09-06,2225.23,2435.9143,9.46797888940132
2024-09-07,2273.58,2355.212,3.5904570792538673
2024-09-08,2297.3,2304.7683,0.3250907825218656
2024-09-09,2359.5,2289.4148,2.970341389197923
2024-09-10,2388.52,2313.9656,3.121364854726985
2024-09-11,2340.55,2354.8667,0.6116809817670982
2024-09-12,2361.76,2370.8862,0.3864165058579102
2024-09-13,2439.19,2380.8745,2.3907726860658682
2024-09-14,2417.79,2412.1255,0.23428468637681368
2024-09-15,2316.1,2430.9348,4.958111241013993
2024-09-16,2295.68,2402.4587,4.651290259721528
2024-09-17,2341.8,2360.7715,0.8101240231872839
2024-09-18,2374.75,2344.3433,1.2804184979997895
2024-09-19,2465.21,2353.189,4.544076778702425
2024-09-20,2561.4,2400.1934,6.2936925363082725
2024-09-21,2612.4000000000005,2478.821,5.113265773929165
2024-09-22,2581.0,2559.277,0.8416466637204572
2024-09-23,2646.97,2599.7751,1.7829765171356233
2024-09-24,2653.2,2636.0576,0.6461021714344874
2024-09-25,2579.95,2658.051,3.02723019402024
2024-09-26,2632.2600000000007,2639.1023,0.25993993457615605
2024-09-27,2694.43,2632.2358,2.3082492458980135
2024-09-28,2675.21,2653.3398,0.8175117560864394
2024-09-29,2657.6199999999994,2668.6162,0.4137615963719631
2024-09-30,2602.23,2670.5664,2.626070956448891
2024-10-01,2447.79,2647.1643,8.145073990849912
2024-10-02,2364.1,2567.9534,8.622874207547273
2024-10-03,2349.8,2469.976,5.114310759160346
2024-10-04,2414.41,2395.5234,0.7822433845121524
2024-10-05,2414.66,2378.3372,1.504263200486812
2024-10-06,2440.03,2387.8774,2.137373663182428
2024-10-07,2422.71,2414.4436,0.34120453889962216
2024-10-08,2440.89,2432.5642,0.3410965269071885
2024-10-09,2370.47,2448.8062,3.3046675276949387
2024-10-10,2386.49,2433.2366,1.9588002575173256
2024-10-11,2439.5,2418.2454,0.8712702878407461
2024-10-12,2476.4,2426.6619,2.0084854936853938
2024-10-13,2468.91,2452.674,0.6576152121533331
2024-10-14,2629.79,2472.6865,5.973993229972734
2024-10-15,2607.41,2542.1526,2.5027675781474668
2024-10-16,2611.1,2594.0667,0.6523438248008467
2024-10-17,2605.8,2622.9795,0.6592790002110607
2024-10-18,2642.17,2630.76,0.43184163904574924
2024-10-19,2648.2,2640.8982,0.2757271596036862
2024-10-20,2746.91,2649.035,3.5630977312917005
2024-10-21,2666.7,2689.6748,0.861544406476176
2024-10-22,2622.81,2695.4583,2.769863312749496
2024-10-23,2524.61,2672.2317,5.847306691058217
2024-10-24,2535.82,2611.5974,2.9882804027641883
2024-10-25,2440.62,2564.8918,5.091814608711111
2024-10-26,2482.51,2504.7415,0.895523284019995
2024-10-27,2507.8,2478.0117,1.1878252352659773
2024-10-28,2567.48,2481.4907,3.349170289301183
2024-10-29,2638.8,2516.934,4.61823245296158
2024-10-30,2659.19,2577.7405,3.062944787110927
2024-10-31,2518.61,2633.4062,4.557920837287228
2024-11-01,2511.49,2615.5513,4.143407679554775
2024-11-02,2494.23,2577.6997,3.3465120310175878
2024-11-03,2457.73,2538.7893,3.298137168876361
2024-11-04,2398.21,2499.5,4.223566743529548
2024-11-05,2422.55,2452.8296,1.249905671451562
2024-11-06,2721.8700000000003,2429.4556,10.743144734823865
2024-11-07,2895.47,2530.7856,12.594996856080353
2024-11-08,2961.75,2703.799,8.709409225436819
2024-11-09,3126.21,2864.971,8.356414083966689
2024-11-10,3183.21,3026.0469,4.937252804558921
2024-11-11,3371.59,3144.8228,6.725825088274378
2024-11-12,3243.8,3276.065,0.9946649425442325
2024-11-13,3187.16,3301.9067,3.6002817016168045
2024-11-14,3058.82,3259.7383,6.5684898506613605
2024-11-15,3090.01,3158.7588,2.2248727046999774
2024-11-16,3132.87,3089.7734,1.3756256244274385
2024-11-17,3076.0,3072.819,0.10341053976349154
2024-11-18,3207.8,3058.191,4.663915519398035
2024-11-19,3107.44,3104.9907,0.07881977910273584
2024-11-20,3069.97,3114.7693,1.4592744264398416
2024-11-21,3355.8099999999995,3097.5845,7.694879249532886
2024-11-22,3327.7800000000007,3192.218,4.073646167170775
2024-11-23,3393.91,3272.5952,3.574484448799463
2024-11-24,3361.2,3345.6514,0.46259171761572715
2024-11-25,3414.49,3372.5183,1.2292227961752644
2024-11-26,3324.73,3394.8494,2.109024348875698
2024-11-27,3653.28,3367.569,7.820668226993967
2024-11-28,3578.79,3470.1375,3.0360135360869167
2024-11-29,3592.21,3536.672,1.5460644243898611
2024-11-30,3703.6,3572.6558,3.5355934302097936
2024-12-01,3707.6100000000006,3629.7578,2.0997944093364884
2024-12-02,3643.42,3668.663,0.6928404064724881
2024-12-03,3614.51,3657.9243,1.201112084521824
2024-12-04,3837.8,3624.0405,5.569843990209239
2024-12-05,3785.2,3690.3098,2.5068737595602566
2024-12-06,3998.87,3734.5903,6.608858701802006
2024-12-07,3996.2200000000003,3848.3918,3.6991996010448682
2024-12-08,4004.15,3931.3489,1.8181417541019964
2024-12-09,3712.0,3973.1619,7.035610593598464
2024-12-10,3628.25,3855.775,6.270926819920071
2024-12-11,3831.81,3708.8848,3.2080200838507116
2024-12-12,3881.61,3697.9922,4.730454952970549
2024-12-13,3906.7999999999997,3752.183,3.9576352649546878
2024-12-14,3870.29,3818.5637,1.336496213381296
2024-12-15,3959.0899999999997,3847.5237,2.817978837545363
2024-12-16,3986.24,3892.805,2.3439398621100285
2024-12-17,3893.01,3933.5703,1.041875374067875
2024-12-18,3626.8,3913.9807,7.918294719604743
2024-12-19,3417.0100000000007,3771.187,10.36511487290787
2024-12-20,3472.21,3567.8533,2.754535914716419
2024-12-21,3338.9199999999996,3453.2976,3.425586938946587
2024-12-22,3281.83,3357.262,2.298472586655161
2024-12-23,3422.53,3288.039,3.9295765851577693
2024-12-24,3493.18,3314.9612,5.101907670356948
2024-12-25,3497.0,3392.3872,2.991501085752073
2024-12-26,3335.05,3459.4248,3.7293235390024084
2024-12-27,3333.51,3431.0132,2.9249404859667374
2024-12-28,3403.9999999999995,3384.9531,0.5595439189189056
2024-12-29,3356.48,3377.4104,0.6235818592878546
2024-12-30,3361.84,3363.3342,0.04444674688934793
2024-12-31,3337.78,3355.5051,0.5310453940380971
2025-01-01,3360.38,3342.4707,0.5329545133288529
2025-01-02,3455.67,3342.1921,3.283816490814374
2025-01-03,3609.01,3384.2634,6.227374605934181
2025-01-04,3656.88,3485.319,4.691455782063538
2025-01-05,3635.9900000000002,3583.136,1.4536347369457903
2025-01-06,3687.4500000000003,3630.5054,1.544282062299157
2025-01-07,3381.31,3663.0007,8.330816530335138
2025-01-08,3327.29,3546.2153,6.579688936980246
2025-01-09,3219.2,3412.799,6.013887682207542
2025-01-10,3267.04,3282.03,0.4588260106051667
2025-01-11,3282.8300000000004,3223.9482,1.7936279920830616
2025-01-12,3267.3,3218.981,1.478867657354702
2025-01-13,3137.5099999999998,3230.1882,2.9538784712040833
2025-01-14,3225.63,3193.8423,0.985473065532938
2025-01-15,3451.52,3194.7,7.4407811291293395
2025-01-16,3308.05,3296.9607,0.33522185700413176
2025-01-17,3473.6299999999997,3332.0923,4.074634167822988
2025-01-18,3307.71,3402.3672,2.861713617578323
2025-01-19,3215.1199999999994,3384.0154,5.2531594733439375
2025-01-20,3284.0,3309.143,0.7656232157810596
2025-01-21,3327.54,3272.197,1.6631799622431276
2025-01-22,3242.6,3276.5237,1.0461876778087056
2025-01-23,3338.21,3258.269,2.3947252279290407
2025-01-24,3310.09,3280.4485,0.8954896595523126
2025-01-25,3318.77,3294.4749,0.7320527329213831
2025-01-26,3232.6099999999997,3305.0957,2.242327503936458
2025-01-27,3182.44,3275.6704,2.9295260918116273
2025-01-28,3077.72,3226.0864,4.820660286876331
2025-01-29,3113.9,3148.133,1.0993627489843898
2025-01-30,3247.39,3106.533,4.337546183723695
2025-01-31,3300.99,3144.737,4.7335175039344195
2025-02-01,3117.54,3215.681,3.148024025453564
2025-02-02,2869.68,3197.786,11.433535748650552
2025-02-03,2879.9,3064.9395,6.425204108649603
2025-02-04,2731.19,2952.3381,8.09713475685049
2025-02-05,2788.25,2830.2432,1.506075999731014
2025-02-06,2686.64,2773.8066,3.2444481071152125
2025-02-07,2622.1,2722.3225,3.822223018406052
2025-02-08,2632.46,2670.927,1.4612568454268997
2025-02-09,2627.18,2644.0647,0.642692821414032
2025-02-10,2661.1900000000005,2634.0833,1.0185949912210517
2025-02-11,2602.59,2647.021,1.7071838473885572
2025-02-12,2738.2700000000004,2641.7537,3.5247195452101296
2025-02-13,2675.87,2683.303,0.27777801296868343
2025-02-14,2725.95,2700.638,0.9285592379491487
2025-02-15,2693.04,2722.789,1.1046647097703723
2025-02-16,2661.41,2724.6165,2.374923633642511
2025-02-17,2744.05,2706.672,1.3621428494151047
2025-02-18,2671.9900000000002,2718.553,1.7426329632829747
2025-02-19,2715.5,2707.5215,0.2938138694531394
2025-02-20,2738.04,2709.6929,1.035307333210982
2025-02-21,2662.9999999999995,2722.932,2.250540171446694
2025-02-22,2763.22,2706.8984,2.0382583543836468
2025-02-23,2819.69,2725.0503,3.356386944353814
2025-02-24,2513.52,2767.9055,10.120688022300401
2025-02-25,2495.7,2689.0361,7.746769756481156
2025-02-26,2336.37,2596.0312,11.113875370767477
2025-02-27,2307.72,2473.0059,7.162301291967839
2025-02-28,2237.59,2374.6763,6.126514219819084
2025-03-01,2217.39,2294.8398,3.492838145296954
2025-03-02,2518.11,2243.7744,10.894503653037402
2025-03-03,2149.01,2327.484,8.304935143100765
2025-03-04,2171.51,2298.9192,5.867308437590652
2025-03-05,2241.59,2255.0044,0.5984321187750594
2025-03-06,2202.2,2243.8474,1.8911730137760052
2025-03-07,2141.6,2233.2744,4.280650637957606
2025-03-08,2203.58,2206.076,0.11326694444381746
2025-03-09,2020.41,2204.0476,9.089125841877387
2025-03-10,1865.1,2147.7053,15.152287934460624
2025-03-11,1923.43,2040.8456,6.104489430584291
2025-03-12,1908.2,1971.566,3.32072319668077
2025-03-13,1864.59,1932.0841,3.6197827106931064
2025-03-14,1911.65,1902.5111,0.47806301370871185
2025-03-15,1937.17,1902.827,1.7728425297115158
2025-03-16,1887.0,1922.7155,1.8927108691872019
2025-03-17,1926.31,1927.0245,0.037093517284993306
2025-03-18,1931.54,1938.0492,0.3369950576191814
2025-03-19,2056.06,1949.1094,5.201726846492804
2025-03-20,1983.79,1998.1401,0.7233697477429585
2025-03-21,1965.75,2019.1401,2.7160186554114207
2025-03-22,1980.69,2017.4404,1.8554357162150537
2025-03-23,2005.9899999999998,2012.5385,0.32644490493161576
2025-03-24,2081.2,2015.7009,3.1471781792054982
2025-03-25,2066.15,2045.5267,0.9981495342333611
2025-03-26,2009.52,2069.243,2.9719992795232204
2025-03-27,2003.66,2063.8257,3.002789075679003
2025-03-28,1896.9,2048.0771,7.969695209947804
2025-03-29,1828.08,1997.5842,9.272254415322365
2025-03-30,1807.74,1929.2223,6.720119599005525
2025-03-31,1822.43,1870.2981,2.626608193627461
2025-04-01,1904.98,1838.7688,3.47569009500756
2025-04-02,1795.22,1854.9491,3.327118496879907
2025-04-03,1817.23,1847.653,1.6741388872934346
2025-04-04,1816.87,1843.2202,1.4503082137825003
2025-04-05,1806.01,1841.2145,1.9492958255525998
2025-04-06,1580.76,1837.3627,16.23286715873615
2025-04-07,1553.04,1761.1947,13.403048353451139
2025-04-08,1473.41,1676.0435,13.752686423415744
2025-04-09,1669.51,1588.7842,4.835300196614575
2025-04-10,1524.77,1589.5697,4.24980175032546
